iteracja	x	epsilon
0	1.797743	0.200000
1	1.571489	0.202257
2	1.240686	0.021489
3	1.406876	0.557057
4	1.673628	0.164613
5	1.751766	0.432941
6	1.547606	0.344890
7	1.697292	0.126022
8	1.486901	0.054474
9	1.571281	0.060704
10	1.534074	0.126010
11	1.649996	0.047173
12	1.642136	0.078715
13	1.604094	0.108062
14	1.626119	0.045902
15	1.618332	0.016017
16	1.620387	0.014238
17	1.620900	0.005732
18	1.621012	0.002568
19	1.621001	0.000625
20	1.621000	0.000101
21	1.621000	0.000012
