iteracja	x	epsilon
0	1.717059	0.150000
1	1.505388	0.032941
2	1.567604	0.144612
3	1.685463	0.149455
4	1.596801	0.180076
5	1.646236	0.029198
6	1.634785	0.039227
7	1.625440	0.037983
8	1.617836	0.020796
9	1.620508	0.016949
10	1.621103	0.004932
11	1.620989	0.003267
12	1.621000	0.000481
13	1.621000	0.000103
14	1.621000	0.000011
