iteracja	x	epsilon
0	1.685018	0.150000
1	1.660273	0.014982
2	1.651117	0.110273
3	1.582445	0.033901
4	1.607666	0.077829
5	1.628995	0.043451
6	1.618033	0.046551
7	1.621756	0.010367
8	1.621178	0.007239
9	1.621016	0.003145
10	1.620999	0.000740
11	1.621000	0.000179
12	1.621000	0.000016
