iteracja	x	epsilon
0	1.915232	0.200000
1	2.096870	0.084768
2	1.946556	0.546870
3	1.377123	0.031324
4	2.652272	0.719748
5	1.955824	0.705716
6	0.070304	0.578701
7	1.949610	2.581968
8	1.956039	0.006214
9	1.949813	1.885735
10	1.841496	0.000203
11	1.841288	0.114543
12	1.890507	0.108525
13	1.880307	0.049012
14	1.882650	0.039020
15	1.882038	0.007858
16	1.882002	0.001730
17	1.882000	0.000647
18	1.882000	0.000038
19	1.882000	0.000003
