iteracja	x	epsilon
0	1.545736	0.100000
1	1.778703	0.254264
2	1.567343	0.078703
3	1.377314	0.021607
4	1.465784	0.401389
5	1.665703	0.101559
6	1.712605	0.288389
7	1.575178	0.246821
8	1.662505	0.090526
9	1.579382	0.050100
10	1.606473	0.004205
11	1.607711	0.056032
12	1.624759	0.028329
13	1.622300	0.018286
14	1.620645	0.014588
15	1.621036	0.004115
16	1.620997	0.001264
17	1.621000	0.000352
18	1.621000	0.000036
19	1.621000	0.000003
